Workbook

Sheet haberman
A1: 30 | B1: 64 | C1: 1 | D1: 1
A2: 30 | B2: 62 | C2: 3 | D2: 1
A3: 30 | B3: 65 | C3: 0 | D3: 1
A4: 31 | B4: 59 | C4: 2 | D4: 1
A5: 31 | B5: 65 | C5: 4 | D5: 1
A6: 33 | B6: 58 | C6: 10 | D6: 1
A7: 33 | B7: 60 | C7: 0 | D7: 1
A8: 34 | B8: 59 | C8: 0 | D8: 2
A9: 34 | B9: 66 | C9: 9 | D9: 2
A10: 34 | B10: 58 | C10: 30 | D10: 1
A11: 34 | B11: 60 | C11: 1 | D11: 1
A12: 34 | B12: 61 | C12: 10 | D12: 1
... A306: 83 | B306: 58 | C306: 2 | D306: 2

Sheet Entradas RNA
A1: =haberman!A1 -> 30 | B1: =haberman!B1 -> 64 | C1: =haberman!C1 -> 1
A2: =haberman!A2 -> 30 | B2: =haberman!B2 -> 62 | C2: =haberman!C2 -> 3
A3: =haberman!A3 -> 30 | B3: =haberman!B3 -> 65 | C3: =haberman!C3 -> 0
A4: =haberman!A4 -> 31 | B4: =haberman!B4 -> 59 | C4: =haberman!C4 -> 2
A5: =haberman!A5 -> 31 | B5: =haberman!B5 -> 65 | C5: =haberman!C5 -> 4
A6: =haberman!A6 -> 33 | B6: =haberman!B6 -> 58 | C6: =haberman!C6 -> 10
A7: =haberman!A7 -> 33 | B7: =haberman!B7 -> 60 | C7: =haberman!C7 -> 0
A8: =haberman!A8 -> 34 | B8: =haberman!B8 -> 59 | C8: =haberman!C8 -> 0
A9: =haberman!A9 -> 34 | B9: =haberman!B9 -> 66 | C9: =haberman!C9 -> 9
A10: =haberman!A10 -> 34 | B10: =haberman!B10 -> 58 | C10: =haberman!C10 -> 30
A11: =haberman!A11 -> 34 | B11: =haberman!B11 -> 60 | C11: =haberman!C11 -> 1
A12: =haberman!A12 -> 34 | B12: =haberman!B12 -> 61 | C12: =haberman!C12 -> 10
... A306: =haberman!A306 -> 83 | B306: =haberman!B306 -> 58 | C306: =haberman!C306 -> 2

Sheet Salidas RNA
A1: =IF(haberman!D1=1,1,0) -> 1
A2: =IF(haberman!D2=1,1,0) -> 1
A3: =IF(haberman!D3=1,1,0) -> 1
A4: =IF(haberman!D4=1,1,0) -> 1
A5: =IF(haberman!D5=1,1,0) -> 1
A6: =IF(haberman!D6=1,1,0) -> 1
A7: =IF(haberman!D7=1,1,0) -> 1
A8: =IF(haberman!D8=1,1,0) -> 0
A9: =IF(haberman!D9=1,1,0) -> 0
A10: =IF(haberman!D10=1,1,0) -> 1
A11: =IF(haberman!D11=1,1,0) -> 1
A12: =IF(haberman!D12=1,1,0) -> 1
... A306: =IF(haberman!D306=1,1,0) -> 0
